title;pid;url
A contrario;ACO;http://www.cairn.info/revue-a-contrario.htm
Actes de la recherche en sciences sociales;ARSS;http://www.cairn.info/revue-actes-de-la-recherche-en-sciences-sociales.htm
Actuel Marx;AMX;http://www.cairn.info/revue-actuel-marx.htm
Adolescence;ADO;http://www.cairn.info/revue-adolescence.htm
Afrique & histoire;AFHI;http://www.cairn.info/revue-afrique-et-histoire.htm
Afrique contemporaine;AFCO;http://www.cairn.info/revue-afrique-contemporaine.htm
Agora débats/jeunesses;AGORA;http://www.cairn.info/revue-agora-debats-jeunesses.htm
@GRH;GRH;http://www.cairn.info/revue-@grh.htm
Analyse Freudienne Presse;AFP;http://www.cairn.info/revue-analyse-freudienne-presse.htm
Annales de Bretagne et des pays de l’Ouest;ABPO;http://www.cairn.info/revue-annales-de-bretagne-et-des-pays-de-l-ouest.htm
Annales de démographie historique;ADH;http://www.cairn.info/revue-annales-de-demographie-historique.htm
Annales de géographie;AG;http://www.cairn.info/revue-annales-de-geographie.htm
Annales. Histoire, Sciences Sociales;ANNA;http://www.cairn.info/revue-annales.htm
Annales. Histoire, Sciences Sociales (English);ANNAE;http://www.cairn.info/revue-annales-english.htm
Annales historiques de la Révolution française;AHRF;http://www.cairn.info/revue-annales-historiques-de-la-revolution-francaise.htm
L'Année balzacienne ;BALZ;http://www.cairn.info/revue-l-annee-balzacienne.htm
L'Année sociologique;ANSO;http://www.cairn.info/revue-l-annee-sociologique.htm
Approche Centrée sur la Personne. Pratique et recherche;ACP;http://www.cairn.info/revue-approche-centree-sur-la-personne.htm
ArchéoSciences;ARSC;http://www.cairn.info/revue-archeosciences.htm
Archives d'histoire doctrinale et littéraire du Moyen Âge;AHDLM;http://www.cairn.info/revue-archives-d-histoire-doctrinale-et-litteraire-du-moyen-age.htm
Archives de Philosophie;APHI;http://www.cairn.info/revue-archives-de-philosophie.htm
Archives de politique criminelle;APC;http://www.cairn.info/revue-archives-de-politique-criminelle.htm
Archives de sciences sociales des religions;ASSR;http://www.cairn.info/revue-archives-de-sciences-sociales-des-religions.htm
Archives Juives;AJ;http://www.cairn.info/revue-archives-juives.htm
Autrepart;AUTR;http://www.cairn.info/revue-autrepart.htm
Bulletin d’études orientales;BEO;http://www.cairn.info/revue-bulletin-d-etudes-orientales.htm
Bulletin de l'Institut Pierre Renouvin;BIPR;http://www.cairn.info/revue-bulletin-de-l-institut-pierre-renouvin.htm
Bulletin de psychologie;BUPSY;http://www.cairn.info/revue-bulletin-de-psychologie.htm
Cahiers critiques de thérapie familiale et de pratiques de réseaux;CTF;http://www.cairn.info/revue-cahiers-critiques-de-therapie-familiale.htm
Cahiers d'économie Politique / Papers in Political Economy;CEP;http://www.cairn.info/revue-cahiers-d-economie-politique.htm
Cahiers d'études africaines;CEA;http://www.cairn.info/revue-cahiers-d-etudes-africaines.htm
Cahiers de Gestalt-thérapie;CGES;http://www.cairn.info/revue-cahiers-de-gestalt-therapie.htm
Les Cahiers de la Shoah;LCS;http://www.cairn.info/revue-les-cahiers-de-la-shoah.htm
Cahiers de psychologie clinique;CPC;http://www.cairn.info/revue-cahiers-de-psychologie-clinique.htm
Cahiers jungiens de psychanalyse;CJUNG;http://www.cairn.info/revue-cahiers-jungiens-de-psychanalyse.htm
Les Cahiers d'Outre Mer;COM;http://www.cairn.info/revue-les-cahiers-d-outre-mer.htm
Cahiers du Genre;CDGE;http://www.cairn.info/revue-cahiers-du-genre.htm
Cahiers du monde russe;CMR;http://www.cairn.info/revue-cahiers-du-monde-russe.htm
Les Cahiers du numérique;LCN;http://www.cairn.info/revue-les-cahiers-du-numerique.htm
Les Cahiers Dynamiques;LCD;http://www.cairn.info/revue-les-cahiers-dynamiques.htm
Les cahiers internationaux de psychologie sociale;CIPS;http://www.cairn.info/revue-les-cahiers-internationaux-de-psychologie-sociale.htm
Cahiers internationaux de sociologie;CIS;http://www.cairn.info/revue-cahiers-internationaux-de-sociologie.htm
Les cahiers Irice;LCI;http://www.cairn.info/revue-les-cahiers-irice.htm
Cahiers Jaurès;CJ;http://www.cairn.info/revue-cahiers-jaures.htm
Cahiers Sens public;CSP;http://www.cairn.info/revue-cahiers-sens-public.htm
Le Carnet PSY;LCP;http://www.cairn.info/revue-le-carnet-psy.htm
Carrefours de l'éducation;CDLE;http://www.cairn.info/revue-carrefours-de-l-education.htm
Champ psy;CPSY;http://www.cairn.info/revue-champ-psychosomatique.htm
Che vuoi ?;CHEV;http://www.cairn.info/revue-che-vuoi.htm
Cités;CITE;http://www.cairn.info/revue-cites.htm
Civilisations;CIVI;http://www.cairn.info/revue-civilisations.htm
La clinique lacanienne;CLA;http://www.cairn.info/revue-la-clinique-lacanienne.htm
Cliniques;CLINI;http://www.cairn.info/revue-cliniques.htm
Cliniques méditerranéennes;CM;http://www.cairn.info/revue-cliniques-mediterraneennes.htm
Clio;CLIO;http://www.cairn.info/revue-clio.htm
Communication & Organisation;COMOR;http://www.cairn.info/revue-communication-et-organisation.htm
Communications;COMMU;http://www.cairn.info/revue-communications.htm
Confluences Méditerranée;COME;http://www.cairn.info/revue-confluences-mediterranee.htm
Connexions;CNX;http://www.cairn.info/revue-connexions.htm
Le Coq-héron;COHE;http://www.cairn.info/revue-le-coq-heron.htm
Corps;CORP;http://www.cairn.info/revue-corps.htm
Le Courrier des pays de l'Est;CPE;http://www.cairn.info/revue-le-courrier-des-pays-de-l-est.htm
Courrier hebdomadaire du CRISP;CRIS;http://www.cairn.info/revue-courrier-hebdomadaire-du-crisp.htm
Critique;CRITI;http://www.cairn.info/revue-critique.htm
Critique internationale;CRII;http://www.cairn.info/revue-critique-internationale.htm
Culture chiffres;CULC;http://www.cairn.info/revue-culture-chiffres.htm
Culture études;CULE;http://www.cairn.info/revue-culture-etudes.htm
Culture méthodes;CULM;http://www.cairn.info/revue-culture-methodes.htm
Culture prospective;CULP;http://www.cairn.info/revue-culture-prospective.htm
Cultures & Conflits;CC;http://www.cairn.info/revue-cultures-et-conflits.htm
Le Débat;DEBA;http://www.cairn.info/revue-le-debat.htm
Devenir;DEV;http://www.cairn.info/revue-devenir.htm
Déviance et Société;DS;http://www.cairn.info/revue-deviance-et-societe.htm
Dialogue;DIA;http://www.cairn.info/revue-dialogue.htm
Dialogues d'histoire ancienne;DHA;http://www.cairn.info/revue-dialogues-d-histoire-ancienne.htm
Diogène;DIO;http://www.cairn.info/revue-diogene.htm
Distances et savoirs;DIS;http://www.cairn.info/revue-distances-et-savoirs.htm
Le Divan familial;DIFA;http://www.cairn.info/revue-le-divan-familial.htm
Dix-huitième siècle;DHS;http://www.cairn.info/revue-dix-huitieme-siecle.htm
Dix-septième siècle;DSS;http://www.cairn.info/revue-dix-septieme-siecle.htm
Document numérique;DN;http://www.cairn.info/revue-document-numerique.htm
Documentaliste-Sciences de l'Information;DOCSI;http://www.cairn.info/revue-documentaliste-sciences-de-l-information.htm
Droit et société;DRS;http://www.cairn.info/revue-droit-et-societe.htm
Ecologie & politique;ECOPO;http://www.cairn.info/revue-ecologie-et-politique.htm
Economie & prévision;ECOP;http://www.cairn.info/revue-economie-et-prevision.htm
Economie internationale;ECOI;http://www.cairn.info/revue-economie-internationale.htm
L'Économie politique;LECO;http://www.cairn.info/revue-l-economie-politique.htm
Économie rurale;ECRU;http://www.cairn.info/revue-economie-rurale.htm
Education & didactique;EDDI;http://www.cairn.info/revue-education-et-didactique.htm
Education et sociétés;ES;http://www.cairn.info/revue-education-et-societes.htm
Ela. Études de linguistique appliquée.;ELA;http://www.cairn.info/revue-ela.htm
Empan;EMPA;http://www.cairn.info/revue-empan.htm
L'en-je lacanien;ENJE;http://www.cairn.info/revue-l-en-je-lacanien.htm
Enfance;ENF;http://www.cairn.info/revue-enfance.htm
Enfances & Psy;EP;http://www.cairn.info/revue-enfances-et-psy.htm
Les Enjeux de l'information et de la communication;ENIC;http://www.cairn.info/revue-les-enjeux-de-l-information-et-de-la-communication.htm
Entreprendre & Innover;ENTIN;http://www.cairn.info/revue-entreprendre-et-innover.htm
Entreprises et histoire;EH;http://www.cairn.info/revue-entreprises-et-histoire.htm
L’Espace géographique;EG;http://www.cairn.info/revue-espace-geographique.htm
Espaces et sociétés;ESP;http://www.cairn.info/revue-espaces-et-societes.htm
Essaim;ESS;http://www.cairn.info/revue-essaim.htm
Ethnologie française;ETHN;http://www.cairn.info/revue-ethnologie-francaise.htm
Études;ETU;http://www.cairn.info/revue-etudes.htm
Études anglaises;ETAN;http://www.cairn.info/revue-etudes-anglaises.htm
Études de communication;EDC;http://www.cairn.info/revue-etudes-de-communication.htm
Les Études philosophiques;LEPH;http://www.cairn.info/revue-les-etudes-philosophiques.htm
Etudes rurales;ETRU;http://www.cairn.info/revue-etudes-rurales.htm
Études sur la mort;ESLM;http://www.cairn.info/revue-etudes-sur-la-mort.htm
L'Europe en Formation;EUFOR;http://www.cairn.info/revue-l-europe-en-formation.htm
Extrême-Orient Extrême-Occident ;EXTRO;http://www.cairn.info/revue-extreme-orient-extreme-occident.htm
Figures de la psychanalyse;FP;http://www.cairn.info/revue-figures-de-la-psy.htm
Finance;FINA;http://www.cairn.info/revue-finance.htm
Finance & Bien Commun;FBC;http://www.cairn.info/revue-finance-et-bien-commun.htm
Flux;FLUX;http://www.cairn.info/revue-flux.htm
Formation emploi;FORM;http://www.cairn.info/revue-formation-emploi.htm
Le français aujourd'hui;LFA;http://www.cairn.info/revue-le-francais-aujourd-hui.htm
Genèses;GEN;http://www.cairn.info/revue-geneses.htm
Géocarrefour;GEOC;http://www.cairn.info/revue-geocarrefour.htm
Géoéconomie;GEOEC;http://www.cairn.info/revue-geoeconomie.htm
Géographie, économie, société;GES;http://www.cairn.info/revue-geographie-economie-societe.htm
Germanica;GERMA;http://www.cairn.info/revue-germanica.htm
Gérontologie et société;GS;http://www.cairn.info/revue-gerontologie-et-societe.htm
Gestalt;GEST;http://www.cairn.info/revue-gestalt.htm
Gestion;RIGES;http://www.cairn.info/revue-gestion.htm
Gouvernement et action publique;GAP;http://www.cairn.info/revue-gouvernement-et-action-publique.htm
Gradhiva;GRADH;http://www.cairn.info/revue-gradhiva.htm
Guerres mondiales et conflits contemporains ;GMCC;http://www.cairn.info/revue-guerres-mondiales-et-conflits-contemporains.htm
Hérodote;HER;http://www.cairn.info/revue-herodote.htm
Histoire & mesure;HETM;http://www.cairn.info/revue-histoire-et-mesure.htm
Histoire & Sociétés Rurales;HSR;http://www.cairn.info/revue-histoire-et-societes-rurales.htm
Histoire de l’éducation;HDLE;http://www.cairn.info/revue-histoire-de-l-education.htm
Histoire urbaine;RHU;http://www.cairn.info/revue-histoire-urbaine.htm
Histoire, économie & société;HES;http://www.cairn.info/revue-histoire-economie-et-societe.htm
Histoire@Politique;HP;http://www.cairn.info/revue-histoire-politique.htm
L'Homme et la société;LHS;http://www.cairn.info/revue-l-homme-et-la-societe.htm
L'Homme;LHOM;http://www.cairn.info/revue-l-homme.htm
Horizons stratégiques;HORI;http://www.cairn.info/revue-horizons-strategiques.htm
Humanisme et Entreprise;HUME;http://www.cairn.info/revue-humanisme-et-entreprise.htm
Hypothèses;HYP;http://www.cairn.info/revue-hypotheses.htm
Imaginaire & Inconscient;IMIN;http://www.cairn.info/revue-imaginaire-et-inconscient.htm
L'Information géographique ;LIG;http://www.cairn.info/revue-l-information-geographique.htm
L'information littéraire;INLI;http://www.cairn.info/revue-l-information-litteraire.htm
Informations sociales;INSO;http://www.cairn.info/revue-informations-sociales.htm
Innovations;INNO;http://www.cairn.info/revue-innovations.htm
Insistance;INSI;http://www.cairn.info/revue-insistance.htm
Italies;ITAL;http://www.cairn.info/revue-italies.htm
Le journal de l'école de Paris du management;JEPAM;http://www.cairn.info/revue-le-journal-de-l-ecole-de-paris-du-management.htm
Journal de la Société des Océanistes;JSO;http://www.cairn.info/revue-journal-de-la-societe-des-oceanistes.htm
Le Journal des psychologues;JDP;http://www.cairn.info/revue-le-journal-des-psychologues.htm
Journal français de psychiatrie;JFP;http://www.cairn.info/revue-journal-francais-de-psychiatrie.htm
Journal International de Bioéthique;JIB;http://www.cairn.info/revue-journal-international-de-bioethique.htm
Journal of Innovation Economics & Management;JIE;http://www.cairn.info/revue-journal-of-innovation-economics.htm
Labyrinthe;LABY;http://www.cairn.info/revue-labyrinthe.htm
Langage et société;LS;http://www.cairn.info/revue-langage-et-societe.htm
Langages;LANG;http://www.cairn.info/revue-langages.htm
Langue française;LF;http://www.cairn.info/revue-langue-francaise.htm
La lettre de l'enfance et de l'adolescence;LETT;http://www.cairn.info/revue-lettre-de-l-enfance-et-de-l-adolescence.htm
Libres cahiers pour la psychanalyse;LCPP;http://www.cairn.info/revue-libres-cahiers-pour-la-psychanalyse.htm
La linguistique;LING;http://www.cairn.info/revue-la-linguistique.htm
Littérature;LITT;http://www.cairn.info/revue-litterature.htm
M@n@gement;MANA;http://www.cairn.info/revue-management.htm
Management & Avenir;MAV;http://www.cairn.info/revue-management-et-avenir.htm
Market Management;MAMA;http://www.cairn.info/revue-market-management.htm
Matériaux pour l’histoire de notre temps ;MATE;http://www.cairn.info/revue-materiaux-pour-l-histoire-de-notre-temps.htm
Médiévales;MEDIE;http://www.cairn.info/revue-medievales.htm
Méditerranée;MEDI;http://www.cairn.info/revue-mediterranee.htm
Mil neuf cent. Revue d'histoire intellectuelle;MNC;http://www.cairn.info/revue-mil-neuf-cent.htm
Mille huit cent quatre-vingt-quinze;MHC;http://www.cairn.info/revue-1895.htm
Mondes en développement;MED;http://www.cairn.info/revue-mondes-en-developpement.htm
Mots. Les langages du politique;MOTS;http://www.cairn.info/revue-mots.htm
Le Mouvement Social;LMS;http://www.cairn.info/revue-le-mouvement-social.htm
Mouvements;MOUV;http://www.cairn.info/revue-mouvements.htm
Movement & Sport Sciences;SM;http://www.cairn.info/revue-science-et-motricite.htm
Le Moyen Age;RMA;http://www.cairn.info/revue-le-moyen-age.htm
Multitudes;MULT;http://www.cairn.info/revue-multitudes.htm
Napoleonica. La Revue;NAPO;http://www.cairn.info/revue-napoleonica-la-revue.htm
Natures Sciences Sociétés;NSS;http://www.cairn.info/revue-natures-sciences-societes.htm
Négociations;NEG;http://www.cairn.info/revue-negociations.htm
Norois;NOR;http://www.cairn.info/revue-norois.htm
Les Nouveaux Cahiers du Conseil constitutionnel;NCCC1;http://www.cairn.info/revue-les-nouveaux-cahiers-du-conseil-constitutionnelles-nouveaux-cahiers-du-conseil-c.htm
Nouvelle revue de psychosociologie;NRP;http://www.cairn.info/revue-nouvelle-revue-de-psychosociologie.htm
Nouvelles FondationS;NF;http://www.cairn.info/revue-nouvelles-fondations.htm
Outre-Terre;OUTE;http://www.cairn.info/revue-outre-terre.htm
Parlement[s], Revue d'histoire politique;PARL;http://www.cairn.info/revue-parlements.htm
Participations;PARTI;http://www.cairn.info/revue-participations.htm
La pensée de midi;LPM;http://www.cairn.info/revue-la-pensee-de-midi.htm
Pensée plurielle;PP;http://www.cairn.info/revue-pensee-plurielle.htm
Perspectives Psy;PPSY;http://www.cairn.info/revue-perspectives-psy.htm
Philosophia Scientiæ;SCIE;http://www.cairn.info/revue-philosophia-scientiae.htm
Philosophie;PHILO;http://www.cairn.info/revue-philosophie.htm
Le philosophoire;PHOIR;http://www.cairn.info/revue-le-philosophoire.htm
Plein droit;PLD;http://www.cairn.info/revue-plein-droit.htm
Poétique;POETI;http://www.cairn.info/revue-poetique.htm
Pôle Sud;PSUD;http://www.cairn.info/revue-pole-sud.htm
Politique étrangère;PE;http://www.cairn.info/revue-politique-etrangere.htm
Politique européenne;POEU;http://www.cairn.info/revue-politique-europeenne.htm
Politix;POX;http://www.cairn.info/revue-politix.htm
Population;POPU;http://www.cairn.info/revue-population.htm
Population (English Edition);POPE;http://www.cairn.info/revue-population-english.htm
Population & Avenir;POPAV;http://www.cairn.info/revue-population-et-avenir.htm
Pouvoirs;POUV;http://www.cairn.info/revue-pouvoirs.htm
Pratiques et Organisation des Soins;POS;http://www.cairn.info/revue-pratiques-et-organisation-des-soins.htm
Problèmes d'Amérique latine;PAL;http://www.cairn.info/revue-problemes-d-amerique-latine.htm
Projectics / Proyéctica / Projectique;PROJ;http://www.cairn.info/revue-projectique.htm
Projet;PRO;http://www.cairn.info/revue-projet.htm
Psychanalyse;PSY;http://www.cairn.info/revue-psychanalyse.htm
La psychiatrie de l'enfant;PSYE;http://www.cairn.info/revue-la-psychiatrie-de-l-enfant.htm
Psychologie Clinique;PCLI;http://www.cairn.info/revue-psychologie-clinique.htm
Psychologie clinique et projective;PCP;http://www.cairn.info/revue-psychologie-clinique-et-projective.htm
Psychothérapies;PSYS;http://www.cairn.info/revue-psychotherapies.htm
Psychotropes;PSYT;http://www.cairn.info/revue-psychotropes.htm
Raisons politiques;RAI;http://www.cairn.info/revue-raisons-politiques.htm
Recherche & formation;REFO;http://www.cairn.info/revue-recherche-et-formation.htm
Recherches de Science Religieuse;RSR;http://www.cairn.info/revue-recherches-de-science-religieuse.htm
Recherches économiques de Louvain;REL;http://www.cairn.info/revue-recherches-economiques-de-louvain.htm
Recherches en psychanalyse;REP;http://www.cairn.info/revue-recherches-en-psychanalyse.htm
Recherches familiales;RF;http://www.cairn.info/revue-recherches-familiales.htm
Recherches linguistiques de Vincennes;RLV;http://www.cairn.info/revue-recherches-linguistiques-de-vincennes.htm
Recherches sur Diderot et sur l’Encyclopédie;RDE;http://www.cairn.info/revue-recherches-sur-diderot-et-sur-l-encyclopedie.htm
Reflets et perspectives de la vie économique;RPVE;http://www.cairn.info/revue-reflets-et-perspectives-de-la-vie-economique.htm
Regards croisés sur l'économie;RCE;http://www.cairn.info/revue-regards-croises-sur-l-economie.htm
Regards sur l'économie allemande;REA;http://www.cairn.info/revue-regards-sur-l-economie-allemande.htm
Relations internationales ;RI;http://www.cairn.info/revue-relations-internationales.htm
Reliance;RELI;http://www.cairn.info/revue-reliance.htm
Réseaux;RES;http://www.cairn.info/revue-reseaux.htm
Retraite et société;RS;http://www.cairn.info/revue-retraite-et-societe.htm
Revue archéologique;ARCH;http://www.cairn.info/revue-archeologique.htm
Revue Congolaise de Gestion;RCG;http://www.cairn.info/revue-revue-congolaise-de-gestion.htm
Revue d'anthropologie des connaissances;RAC;http://www.cairn.info/revue-anthropologie-des-connaissances.htm
Revue d'assyriologie et d'archéologie orientale;ASSY;http://www.cairn.info/revue-d-assyriologie.htm
Revue d'économie du développement;EDD;http://www.cairn.info/revue-d-economie-du-developpement.htm
Revue d'économie industrielle;REI;http://www.cairn.info/revue-d-economie-industrielle.htm
Revue d'économie politique;REDP;http://www.cairn.info/revue-d-economie-politique.htm
Revue d’Économie Régionale & Urbaine;RERU;http://www.cairn.info/revue-d-economie-regionale-et-urbaine.htm
Revue d'éthique et de théologie morale;RETM;http://www.cairn.info/revue-d-ethique-et-de-theologie-morale.htm
Revue d'Histoire des Sciences Humaines;RHSH;http://www.cairn.info/revue-histoire-des-sciences-humaines.htm
Revue d’histoire du XIX<sup>e</sup> siècle;DNS;http://www.cairn.info/revue-d-histoire-du-dix-neuvieme-siecle.htm
Revue d'histoire littéraire de la France;RHLF;http://www.cairn.info/revue-d-histoire-litteraire-de-la-france.htm
Revue d’histoire moderne et contemporaine;RHMC;http://www.cairn.info/revue-d-histoire-moderne-et-contemporaine.htm
Revue d'histoire des sciences;RHS;http://www.cairn.info/revue-d-histoire-des-sciences.htm
Revue de l'histoire des religions;RHR;http://www.cairn.info/revue-de-l-histoire-des-religions.htm
Revue de l'OFCE;REOF;http://www.cairn.info/revue-de-l-ofce.htm
Revue de l’organisation responsable;ROR;http://www.cairn.info/revue-de-l-organisation-responsable.htm
Revue de la BNF;RBNF;http://www.cairn.info/revue-de-la-bibliotheque-nationale-de-france.htm
Revue de l’Entrepreneuriat;ENTRE;http://www.cairn.info/revue--de-l-entrepreneuriat.htm
Revue de littérature comparée;RLC;http://www.cairn.info/revue-de-litterature-comparee.htm
Revue de métaphysique et de morale;RMM;http://www.cairn.info/revue-de-metaphysique-et-de-morale.htm
Revue de philologie, de littérature et d'histoire anciennes;PHIL;http://www.cairn.info/revue-de-philologie-litterature-et-histoire-anciennes.htm
Revue de philosophie économique;RPEC;http://www.cairn.info/revue-de-philosophie-economique.htm
Revue de psychothérapie psychanalytique de groupe;RPPG;http://www.cairn.info/revue-de-psychotherapie-psychanalytique-de-groupe.htm
La Revue des Sciences de Gestion;RSG;http://www.cairn.info/revue-des-sciences-de-gestion.htm
Revue des sciences philosophiques et théologiques;RSPT;http://www.cairn.info/revue-des-sciences-philosophiques-et-theologiques.htm
Revue du MAUSS;RDM;http://www.cairn.info/revue-du-mauss.htm
Revue économique;RECO;http://www.cairn.info/revue-economique.htm
Revue européenne des migrations internationales;REMI;http://www.cairn.info/revue-europeenne-des-migrations-internationales.htm
Revue européenne des sciences sociales;RESS;http://www.cairn.info/revue-europeenne-des-sciences-sociales.htm
Revue française d'administration publique;RFAP;http://www.cairn.info/revue-francaise-d-administration-publique.htm
Revue française d'économie;RFE;http://www.cairn.info/revue-francaise-d-economie.htm
Revue française d’études américaines;RFEA;http://www.cairn.info/revue-francaise-d-etudes-americaines.htm
Revue Française d'Histoire des Idées Politiques;RFHIP;http://www.cairn.info/revue-francaise-d-histoire-des-idees-politiques.htm
Revue française de droit constitutionnel;RFDC;http://www.cairn.info/revue-francaise-de-droit-constitutionnel.htm
Revue française de gestion;RFG;http://www.cairn.info/revue-francaise-de-gestion.htm
Revue française de linguistique appliquée;RFLA;http://www.cairn.info/revue-francaise-de-linguistique-appliquee.htm
Revue française de pédagogie;RFPED;http://www.cairn.info/revue-francaise-de-pedagogie.htm
Revue française de psychanalyse;RFP;http://www.cairn.info/revue-francaise-de-psychanalyse.htm
Revue française de psychosomatique;RFPS;http://www.cairn.info/revue-francaise-de-psychosomatique.htm
Revue française de science politique;RFSP;http://www.cairn.info/revue-francaise-de-science-politique.htm
Revue française de science politique (English);RFSPE;http://www.cairn.info/revue-francaise-de-science-politique-english.htm
Revue Française de Socio-Économie;RFSE;http://www.cairn.info/revue-francaise-de-socio-economie.htm
Revue française de sociologie;RFS;http://www.cairn.info/revue-francaise-de-sociologie.htm
Revue française de sociologie  (English);RFSEN;http://www.cairn.info/revue-revue-francaise-de-sociologie-english.htm
Revue française des affaires sociales;RFAS;http://www.cairn.info/revue-francaise-des-affaires-sociales.htm
Revue historique;RHIS;http://www.cairn.info/revue-historique.htm
Revue internationale d'intelligence économique;RIIE;http://www.cairn.info/revue-internationale-d-intelligence-economique.htm
Revue internationale de droit économique;RIDE;http://www.cairn.info/revue-internationale-de-droit-economique.htm
Revue internationale de droit pénal;RIDP;http://www.cairn.info/revue-internationale-de-droit-penal.htm
La revue internationale de l'éducation familiale;RIEF;http://www.cairn.info/revue-la-revue-internationale-de-l-education-familiale.htm
Revue internationale de philosophie;RIP;http://www.cairn.info/revue-internationale-de-philosophie.htm
Revue internationale de politique comparée;RIPC;http://www.cairn.info/revue-internationale-de-politique-comparee.htm
Revue internationale de psychologie sociale;RIPSO;http://www.cairn.info/revue-internationale-de-psychologie-sociale.htm
Revue internationale de psychosociologie et de gestion des comportements organisationnels;RIPS;http://www.cairn.info/revue-internationale-de-psychosociologie.htm
Revue internationale de soins palliatifs;INKA;http://www.cairn.info/revue-infokara.htm
Revue Internationale des Sciences Administratives;RISA;http://www.cairn.info/revue-internationale-des-sciences-administratives.htm
Revue internationale des sciences sociales ;RISS;http://www.cairn.info/revue-internationale-des-sciences-sociales.htm
Revue internationale et stratégique;RIS;http://www.cairn.info/revue-internationale-et-strategique.htm
La revue lacanienne;LRL;http://www.cairn.info/revue-la-revue-lacanienne.htm
Revue philosophique de la France et de l'étranger;RPHI;http://www.cairn.info/revue-philosophique.htm
Revue Tiers Monde;RTM;http://www.cairn.info/revue-tiers-monde.htm
RIMHE;RIMHE;http://www.cairn.info/revue-rimhe.htm
Rives méditerranéennes;RIVES;http://www.cairn.info/revue-rives-mediterraneennes.htm
Romantisme;ROM;http://www.cairn.info/revue-romantisme.htm
Rue Descartes;RDES;http://www.cairn.info/revue-rue-descartes.htm
Santé Publique;SPUB;http://www.cairn.info/revue-sante-publique.htm
Savoirs;SAVO;http://www.cairn.info/revue-savoirs.htm
Savoirs et clinique;SC;http://www.cairn.info/revue-savoirs-et-cliniques.htm
Sciences Eaux & Territoires;SET;http://www.cairn.info/revue-sciences-eaux-et-territoires.htm
Sociétés;SOC;http://www.cairn.info/revue-societes.htm
Sociétés contemporaines;SOCO;http://www.cairn.info/revue-societes-contemporaines.htm
Sociétés & Représentations;SR;http://www.cairn.info/revue-societes-et-representations.htm
Le sociographe;GRAPH;http://www.cairn.info/revue-le-sociographe.htm
Sociologie;SOCIO;http://www.cairn.info/revue-sociologie.htm
Sociologies pratiques;SOPR;http://www.cairn.info/revue-sociologies-pratiques.htm
Spirale;SPI;http://www.cairn.info/revue-spirale.htm
Staps;STA;http://www.cairn.info/revue-staps.htm
Sud/Nord;SN;http://www.cairn.info/revue-sud-nord.htm
Techniques & Culture;TC;http://www.cairn.info/revue-techniques-et-culture.htm
Le Télémaque;TELE;http://www.cairn.info/revue-le-telemaque.htm
Le Temps des médias;TDM;http://www.cairn.info/revue-le-temps-des-medias.htm
Terrain;TERR;http://www.cairn.info/revue-terrain.htm
Terrains & travaux;TT;http://www.cairn.info/revue-terrains-et-travaux.htm
Thérapie Familiale;TF;http://www.cairn.info/revue-therapie-familiale.htm
Topique;TOP;http://www.cairn.info/revue-topique.htm
Tracés;TRAC;http://www.cairn.info/revue-traces.htm
Travail et emploi;TE;http://www.cairn.info/revue-travail-et-emploi.htm
Le travail humain;TH;http://www.cairn.info/revue-le-travail-humain.htm
Travail, genre et sociétés;TGS;http://www.cairn.info/revue-travail-genre-et-societes.htm
Travailler;TRAV;http://www.cairn.info/revue-travailler.htm
Travaux de linguistique;TL;http://www.cairn.info/revue-travaux-de-linguistique.htm
Les Tribunes de la santé;SEVE;http://www.cairn.info/revue-les-tribunes-de-la-sante.htm
Tumultes;TUMU;http://www.cairn.info/revue-tumultes.htm
Vie & sciences de l'entreprise;VSE;http://www.cairn.info/revue-vie-et-sciences-de-l-entreprise.htm
Vingtième Siècle. Revue d'histoire;VING;http://www.cairn.info/revue-vingtieme-siecle-revue-d-histoire.htm
Volume !;VOLU;http://www.cairn.info/revue-volume.htm
VST - Vie sociale et traitements;VST;http://www.cairn.info/revue-vie-sociale-et-traitements.htm
L’Année psychanalytique internationale;LAPSY;http://www.cairn.info/revue-l-annee-psychanalytique-internationale.htm
L'Autre;LAUTR;http://www.cairn.info/revue-l-autre.htm
Les Cahiers du Centre Georges Canguilhem;CCGC;http://www.cairn.info/revue-les-cahiers-du-centre-georges-canguilhem.htm
Cahiers philosophiques;CAPH;http://www.cairn.info/revue-cahiers-philosophiques.htm
Carnet de notes sur les maltraitances infantiles;CNMI;http://www.cairn.info/revue-carnet-de-notes-sur-les-maltraitances-infantiles.htm
Chimères;CHIME;http://www.cairn.info/revue-chimeres.htm
Comptabilité - Contrôle - Audit;CCA;http://www.cairn.info/revue-comptabilite-controle-audit.htm
Contraste;CONT;http://www.cairn.info/revue-contraste.htm
Développements;DEVEL;http://www.cairn.info/revue-developpements.htm
L'Espace géographique (English Edition);EGE;http://www.cairn.info/revue-espace-geographique-english.htm
Esprit;ESPRI;http://www.cairn.info/revue-esprit.htm
Etudes économiques de l’OCDE;EE;http://www.cairn.info/revue-etudes-economiques-de-l-ocde.htm
L'Expansion Management Review;EMR;http://www.cairn.info/revue-l-expansion-management-review.htm
Gérer et comprendre;GECO;http://www.cairn.info/revue-gerer-et-comprendre.htm
Gestion et management public;GMP;http://www.cairn.info/revue-gestion-et-management-public.htm
Histoire de la justice;RHJ;http://www.cairn.info/revue-histoire-de-la-justice.htm
Histoire, monde et cultures religieuses;HMC;http://www.cairn.info/revue-histoire-monde-et-cultures-religieuses.htm
Hommes & Migrations;HOMI;http://www.cairn.info/revue-hommes-et-migrations.htm
Idées économiques et sociales;IDEE;http://www.cairn.info/revue-idees-economiques-et-sociales.htm
L'information psychiatrique;INPSY;http://www.cairn.info/revue-l-information-psychiatrique.htm
Journal de gestion et d'économie médicales;JGEM;http://www.cairn.info/revue-journal-de-gestion-et-d-economie-medicales.htm
Journal de la psychanalyse de l'enfant;JPE;http://www.cairn.info/revue-journal-de-la-psychanalyse-de-l-enfant.htm
Journal du droit des jeunes;JDJ;http://www.cairn.info/revue-journal-du-droit-des-jeunes.htm
Laennec;LAE;http://www.cairn.info/revue-laennec.htm
Littératures classiques;LICLA;http://www.cairn.info/revue-litteratures-classiques.htm
Marché et organisations;MAORG;http://www.cairn.info/revue-marche-et-organisations.htm
Médium;MEDIU;http://www.cairn.info/revue-medium.htm
Monde(s);MOND;http://www.cairn.info/revue-mondes.htm
Nouvelle revue d’esthétique;NRE;http://www.cairn.info/revue-nouvelle-revue-d-esthetique.htm
Pardès;PARDE;http://www.cairn.info/revue-pardes.htm
Perspectives économiques de l'OCDE;PERS;http://www.cairn.info/revue-perspectives-economiques-de-l-ocde.htm
Politique africaine;POLAF;http://www.cairn.info/revue-politique-africaine.htm
Politique américaine;POLAM;http://www.cairn.info/revue-politique-americaine.htm
Politiques et gestion de l'enseignement supérieur;POL;http://www.cairn.info/revue-politiques-et-gestion-de-l-enseignement-superieur.htm
Présence Africaine;PRESA;http://www.cairn.info/revue-presence-africaine.htm
PSN;PSN;http://www.cairn.info/revue-psn.htm
Quaderni;QUAD;http://www.cairn.info/revue-quaderni.htm
Réalités industrielles;RINDU;http://www.cairn.info/revue-realites-industrielles.htm
Réformes économiques;REF;http://www.cairn.info/revue-reformes-economiques.htm
Repères, cahier de danse;REPER;http://www.cairn.info/revue-reperes-cahier-de-danse.htm
Responsabilité et environnement;RE;http://www.cairn.info/revue-responsabilite-et-environnement.htm
Revue de gestion des ressources humaines;GRHU;http://www.cairn.info/revue-de-gestion-des-ressources-humaines.htm
Revue de l'OCDE sur le développement;CAD;http://www.cairn.info/revue-de-l-ocde-sur-le-developpement.htm
Revue de neuropsychologie;RNE;http://www.cairn.info/revue-de-neuropsychologie.htm
Revue de Psychologie Analytique;RPA;http://www.cairn.info/revue-de-psychologie-analytique.htm
Revue du Nord;RDN;http://www.cairn.info/revue-du-nord.htm
Revue économique de l'OCDE;REVO;http://www.cairn.info/revue-economique-de-l-ocde.htm
Revue interdisciplinaire d'études juridiques;RIEJ;http://www.cairn.info/revue-interdisciplinaire-d-etudes-juridiques.htm
Revue sur le droit et la politique de la concurrence;REVD;http://www.cairn.info/revue-sur-le-droit-et-la-politique-de-la-concurrence.htm
Les Sciences de l'éducation - Pour l'Ère nouvelle;LSDLE;http://www.cairn.info/revue-les-sciences-de-l-education-pour-l-ere-nouvelle.htm
Sciences sociales et santé;SSS;http://www.cairn.info/revue-sciences-sociales-et-sante.htm
Sciences sociales et sport;RSSS;http://www.cairn.info/revue-sciences-sociales-et-sport.htm
Sociologie de l'Art;SOART;http://www.cairn.info/revue-sociologie-de-l-art.htm
Syntaxe et sémantique;SS;http://www.cairn.info/revue-syntaxe-et-semantique.htm
Transversalités;TRANS;http://www.cairn.info/revue-transversalites.htm
